,count,mean,std,min,25%,50%,75%,max,skewness,kurtosis
age,100.0,49.69,18.236767722644736,18.0,32.0,53.5,63.25,80.0,-0.13392310882262343,-1.198980922313537
bmi,100.0,28.414999999999996,6.1237140476490035,18.0,23.4,27.450000000000003,33.075,39.9,0.17608628601976573,-1.037109945061731
smoker,100.0,0.57,0.4975698519562429,0.0,0.0,1.0,1.0,1.0,-0.2827850071363719,-1.920032639738881
exercise,100.0,0.47,0.5016135580465918,0.0,0.0,0.0,1.0,1.0,0.12021658495512944,-1.9855479727017253
alcohol_consumption,100.0,0.52,0.5021167315686782,0.0,0.0,1.0,1.0,1.0,-0.08006407690254363,-1.9935897435897434
hypertension,100.0,0.44,0.4988876515698589,0.0,0.0,0.0,1.0,1.0,0.24174688920761428,-1.9415584415584415
high_cholesterol,100.0,0.43,0.497569851956243,0.0,0.0,0.0,1.0,1.0,0.2827850071363721,-1.9200326397388816
diabetes,100.0,0.47,0.5016135580465918,0.0,0.0,0.0,1.0,1.0,0.1202165849551294,-1.9855479727017253
